1,2016-04-01 4:06,5,ISMM-1 SNIPER UDP Flooding DoS Attack(Critical),43,e25,1,0.023255814,25,20,0.25,1.25,0.096910013,-0.602059991,-0.014001395,0.002253721
1,2016-04-01 4:06,5,ISMM-1 SNIPER UDP Flooding DoS Attack(Critical),43,e26,13,0.302325581,25,3,7.333333333,8.333333333,0.920818754,0.865301426,0.261602757,0.278387065
1,2016-04-01 4:06,5,ISMM-1 SNIPER UDP Flooding DoS Attack(Critical),43,e35,17,0.395348837,25,3,7.333333333,8.333333333,0.920818754,0.865301426,0.342095913,0.364044624
1,2016-04-01 4:06,5,ISMM-1 SNIPER UDP Flooding DoS Attack(Critical),43,e41,1,0.023255814,25,21,0.19047619,1.19047619,0.075720714,-0.720159303,-0.016747891,0.001760947
1,2016-04-01 4:06,5,ISMM-1 SNIPER UDP Flooding DoS Attack(Critical),43,e48,2,0.046511628,25,25,0,1,0,#NUM!,#NUM!,0
1,2016-04-01 4:06,5,ISMM-1 SNIPER UDP Flooding DoS Attack(Critical),43,e55,4,0.093023256,25,23,0.086956522,1.086956522,0.036212173,-1.06069784,-0.098669567,0.003368574
1,2016-04-01 4:06,5,ISMM-1 SNIPER UDP Flooding DoS Attack(Critical),43,e58,1,0.023255814,25,10,1.5,2.5,0.397940009,0.176091259,0.004095146,0.009254419
1,2016-04-01 4:06,5,ISMM-1 SNIPER UDP Flooding DoS Attack(Critical),43,e64,4,0.093023256,25,18,0.388888889,1.388888889,0.142667504,-0.410174465,-0.038155764,0.013271396
2,2016-04-01 13:16,5,ISMM-2 SNIPER applist.asp WEB_APP_VULNERABILITY,109,e13,25,0.229357798,25,19,0.315789474,1.315789474,0.119186408,-0.500602351,-0.114817053,0.027336332
2,2016-04-01 13:16,5,ISMM-2 SNIPER applist.asp WEB_APP_VULNERABILITY,109,e20,1,0.009174312,25,3,7.333333333,8.333333333,0.920818754,0.865301426,0.007938545,0.008447878
2,2016-04-01 13:16,5,ISMM-2 SNIPER applist.asp WEB_APP_VULNERABILITY,109,e41,13,0.119266055,25,21,0.19047619,1.19047619,0.075720714,-0.720159303,-0.085890559,0.009030911
2,2016-04-01 13:16,5,ISMM-2 SNIPER applist.asp WEB_APP_VULNERABILITY,109,e48,1,0.009174312,25,25,0,1,0,#NUM!,#NUM!,0
2,2016-04-01 13:16,5,ISMM-2 SNIPER applist.asp WEB_APP_VULNERABILITY,109,e51,1,0.009174312,25,5,4,5,0.698970004,0.602059991,0.005523486,0.006412569
2,2016-04-01 13:16,5,ISMM-2 SNIPER applist.asp WEB_APP_VULNERABILITY,109,e55,5,0.04587156,25,23,0.086956522,1.086956522,0.036212173,-1.06069784,-0.048655864,0.001661109
2,2016-04-01 13:16,5,ISMM-2 SNIPER applist.asp WEB_APP_VULNERABILITY,109,e58,5,0.04587156,25,10,1.5,2.5,0.397940009,0.176091259,0.008077581,0.018254129
2,2016-04-01 13:16,5,ISMM-2 SNIPER applist.asp WEB_APP_VULNERABILITY,109,e64,4,0.036697248,25,18,0.388888889,1.388888889,0.142667504,-0.410174465,-0.015052274,0.005235505
2,2016-04-01 13:16,5,ISMM-2 SNIPER applist.asp WEB_APP_VULNERABILITY,109,e69,11,0.100917431,25,18,0.388888889,1.388888889,0.142667504,-0.410174465,-0.041393753,0.014397638
2,2016-04-01 13:16,5,ISMM-2 SNIPER applist.asp WEB_APP_VULNERABILITY,109,e76,1,0.009174312,25,17,0.470588235,1.470588235,0.167491087,-0.327358934,-0.003003293,0.001536615
2,2016-04-01 13:16,5,ISMM-2 SNIPER applist.asp WEB_APP_VULNERABILITY,109,e88,1,0.009174312,25,3,7.333333333,8.333333333,0.920818754,0.865301426,0.007938545,0.008447878
2,2016-04-01 13:16,5,ISMM-2 SNIPER applist.asp WEB_APP_VULNERABILITY,109,e94,41,0.376146789,25,23,0.086956522,1.086956522,0.036212173,-1.06069784,-0.398978087,0.013621092
3,2016-04-03 4:24,5,ISMM-1 SNIPER UDP Flooding DoS Attack(Critical),38,e26,11,0.289473684,25,3,7.333333333,8.333333333,0.920818754,0.865301426,0.250481992,0.266552797
3,2016-04-03 4:24,5,ISMM-1 SNIPER UDP Flooding DoS Attack(Critical),38,e35,19,0.5,25,3,7.333333333,8.333333333,0.920818754,0.865301426,0.432650713,0.460409377
3,2016-04-03 4:24,5,ISMM-1 SNIPER UDP Flooding DoS Attack(Critical),38,e48,2,0.052631579,25,25,0,1,0,#NUM!,#NUM!,0
3,2016-04-03 4:24,5,ISMM-1 SNIPER UDP Flooding DoS Attack(Critical),38,e55,6,0.157894737,25,23,0.086956522,1.086956522,0.036212173,-1.06069784,-0.167478606,0.005717711
4,2016-04-03 9:54,5,ISMM-1 SNIPER UDP Flooding DoS Attack(Critical),41,e13,1,0.024390244,25,19,0.315789474,1.315789474,0.119186408,-0.500602351,-0.012209813,0.002906986
4,2016-04-03 9:54,5,ISMM-1 SNIPER UDP Flooding DoS Attack(Critical),41,e25,1,0.024390244,25,20,0.25,1.25,0.096910013,-0.602059991,-0.01468439,0.002363659
4,2016-04-03 9:54,5,ISMM-1 SNIPER UDP Flooding DoS Attack(Critical),41,e26,7,0.170731707,25,3,7.333333333,8.333333333,0.920818754,0.865301426,0.14773439,0.157212958
4,2016-04-03 9:54,5,ISMM-1 SNIPER UDP Flooding DoS Attack(Critical),41,e35,19,0.463414634,25,3,7.333333333,8.333333333,0.920818754,0.865301426,0.400993344,0.426720886
4,2016-04-03 9:54,5,ISMM-1 SNIPER UDP Flooding DoS Attack(Critical),41,e41,1,0.024390244,25,21,0.19047619,1.19047619,0.075720714,-0.720159303,-0.017564861,0.001846847
4,2016-04-03 9:54,5,ISMM-1 SNIPER UDP Flooding DoS Attack(Critical),41,e48,2,0.048780488,25,25,0,1,0,#NUM!,#NUM!,0
4,2016-04-03 9:54,5,ISMM-1 SNIPER UDP Flooding DoS Attack(Critical),41,e55,1,0.024390244,25,23,0.086956522,1.086956522,0.036212173,-1.06069784,-0.025870679,0.000883224
4,2016-04-03 9:54,5,ISMM-1 SNIPER UDP Flooding DoS Attack(Critical),41,e64,5,0.12195122,25,18,0.388888889,1.388888889,0.142667504,-0.410174465,-0.050021276,0.017398476
4,2016-04-03 9:54,5,ISMM-1 SNIPER UDP Flooding DoS Attack(Critical),41,e94,4,0.097560976,25,23,0.086956522,1.086956522,0.036212173,-1.06069784,-0.103482716,0.003532895
5,2016-04-04 7:54,5,ISMM-2 SNIPER applist.asp WEB_APP_VULNERABILITY,31,e13,4,0.129032258,25,19,0.315789474,1.315789474,0.119186408,-0.500602351,-0.064593852,0.015378891
5,2016-04-04 7:54,5,ISMM-2 SNIPER applist.asp WEB_APP_VULNERABILITY,31,e25,1,0.032258065,25,20,0.25,1.25,0.096910013,-0.602059991,-0.01942129,0.003126129
5,2016-04-04 7:54,5,ISMM-2 SNIPER applist.asp WEB_APP_VULNERABILITY,31,e41,2,0.064516129,25,21,0.19047619,1.19047619,0.075720714,-0.720159303,-0.046461891,0.004885207
5,2016-04-04 7:54,5,ISMM-2 SNIPER applist.asp WEB_APP_VULNERABILITY,31,e48,2,0.064516129,25,25,0,1,0,#NUM!,#NUM!,0
5,2016-04-04 7:54,5,ISMM-2 SNIPER applist.asp WEB_APP_VULNERABILITY,31,e51,1,0.032258065,25,5,4,5,0.698970004,0.602059991,0.01942129,0.022547419
5,2016-04-04 7:54,5,ISMM-2 SNIPER applist.asp WEB_APP_VULNERABILITY,31,e55,4,0.129032258,25,23,0.086956522,1.086956522,0.036212173,-1.06069784,-0.136864237,0.004672538
5,2016-04-04 7:54,5,ISMM-2 SNIPER applist.asp WEB_APP_VULNERABILITY,31,e58,1,0.032258065,25,10,1.5,2.5,0.397940009,0.176091259,0.005680363,0.012836774
5,2016-04-04 7:54,5,ISMM-2 SNIPER applist.asp WEB_APP_VULNERABILITY,31,e76,1,0.032258065,25,17,0.470588235,1.470588235,0.167491087,-0.327358934,-0.010559966,0.005402938
5,2016-04-04 7:54,5,ISMM-2 SNIPER applist.asp WEB_APP_VULNERABILITY,31,e86,5,0.161290323,25,3,7.333333333,8.333333333,0.920818754,0.865301426,0.139564746,0.148519154
5,2016-04-04 7:54,5,ISMM-2 SNIPER applist.asp WEB_APP_VULNERABILITY,31,e94,10,0.322580645,25,23,0.086956522,1.086956522,0.036212173,-1.06069784,-0.342160594,0.011681346
6,2016-04-04 9:30,5,ISMM-2 SNIPER applist.asp WEB_APP_VULNERABILITY,40,e13,7,0.175,25,19,0.315789474,1.315789474,0.119186408,-0.500602351,-0.087605411,0.020857621
6,2016-04-04 9:30,5,ISMM-2 SNIPER applist.asp WEB_APP_VULNERABILITY,40,e21,1,0.025,25,2,11.5,12.5,1.096910013,1.06069784,0.026517446,0.02742275
6,2016-04-04 9:30,5,ISMM-2 SNIPER applist.asp WEB_APP_VULNERABILITY,40,e24,2,0.05,25,8,2.125,3.125,0.494850022,0.327358934,0.016367947,0.024742501
6,2016-04-04 9:30,5,ISMM-2 SNIPER applist.asp WEB_APP_VULNERABILITY,40,e41,4,0.1,25,21,0.19047619,1.19047619,0.075720714,-0.720159303,-0.07201593,0.007572071
6,2016-04-04 9:30,5,ISMM-2 SNIPER applist.asp WEB_APP_VULNERABILITY,40,e48,2,0.05,25,25,0,1,0,#NUM!,#NUM!,0
6,2016-04-04 9:30,5,ISMM-2 SNIPER applist.asp WEB_APP_VULNERABILITY,40,e55,3,0.075,25,23,0.086956522,1.086956522,0.036212173,-1.06069784,-0.079552338,0.002715913
6,2016-04-04 9:30,5,ISMM-2 SNIPER applist.asp WEB_APP_VULNERABILITY,40,e58,2,0.05,25,10,1.5,2.5,0.397940009,0.176091259,0.008804563,0.019897
6,2016-04-04 9:30,5,ISMM-2 SNIPER applist.asp WEB_APP_VULNERABILITY,40,e64,6,0.15,25,18,0.388888889,1.388888889,0.142667504,-0.410174465,-0.06152617,0.021400126
6,2016-04-04 9:30,5,ISMM-2 SNIPER applist.asp WEB_APP_VULNERABILITY,40,e69,1,0.025,25,18,0.388888889,1.388888889,0.142667504,-0.410174465,-0.010254362,0.003566688
6,2016-04-04 9:30,5,ISMM-2 SNIPER applist.asp WEB_APP_VULNERABILITY,40,e73,1,0.025,25,3,7.333333333,8.333333333,0.920818754,0.865301426,0.021632536,0.023020469
6,2016-04-04 9:30,5,ISMM-2 SNIPER applist.asp WEB_APP_VULNERABILITY,40,e76,1,0.025,25,17,0.470588235,1.470588235,0.167491087,-0.327358934,-0.008183973,0.004187277
6,2016-04-04 9:30,5,ISMM-2 SNIPER applist.asp WEB_APP_VULNERABILITY,40,e94,10,0.25,25,23,0.086956522,1.086956522,0.036212173,-1.06069784,-0.26517446,0.009053043
7,2016-04-04 17:02,5,ISMM-1 SNIPER javascript: Cross_Site_Scripting,56,e13,10,0.178571429,25,19,0.315789474,1.315789474,0.119186408,-0.500602351,-0.089393277,0.021283287
7,2016-04-04 17:02,5,ISMM-1 SNIPER javascript: Cross_Site_Scripting,56,e25,1,0.017857143,25,20,0.25,1.25,0.096910013,-0.602059991,-0.010751071,0.001730536
7,2016-04-04 17:02,5,ISMM-1 SNIPER javascript: Cross_Site_Scripting,56,e41,7,0.125,25,21,0.19047619,1.19047619,0.075720714,-0.720159303,-0.090019913,0.009465089
7,2016-04-04 17:02,5,ISMM-1 SNIPER javascript: Cross_Site_Scripting,56,e48,1,0.017857143,25,25,0,1,0,#NUM!,#NUM!,0
7,2016-04-04 17:02,5,ISMM-1 SNIPER javascript: Cross_Site_Scripting,56,e55,3,0.053571429,25,23,0.086956522,1.086956522,0.036212173,-1.06069784,-0.056823099,0.001939938
7,2016-04-04 17:02,5,ISMM-1 SNIPER javascript: Cross_Site_Scripting,56,e69,6,0.107142857,25,18,0.388888889,1.388888889,0.142667504,-0.410174465,-0.043947264,0.015285804
7,2016-04-04 17:02,5,ISMM-1 SNIPER javascript: Cross_Site_Scripting,56,e89,1,0.017857143,25,2,11.5,12.5,1.096910013,1.06069784,0.018941033,0.019587679
7,2016-04-04 17:02,5,ISMM-1 SNIPER javascript: Cross_Site_Scripting,56,e94,27,0.482142857,25,23,0.086956522,1.086956522,0.036212173,-1.06069784,-0.511407887,0.01745944
8,2016-04-05 6:42,5,ISMM-2 SNIPER applist.asp WEB_APP_VULNERABILITY,41,e25,2,0.048780488,25,20,0.25,1.25,0.096910013,-0.602059991,-0.02936878,0.004727318
8,2016-04-05 6:42,5,ISMM-2 SNIPER applist.asp WEB_APP_VULNERABILITY,41,e41,1,0.024390244,25,21,0.19047619,1.19047619,0.075720714,-0.720159303,-0.017564861,0.001846847
8,2016-04-05 6:42,5,ISMM-2 SNIPER applist.asp WEB_APP_VULNERABILITY,41,e42,2,0.048780488,25,4,5.25,6.25,0.795880017,0.720159303,0.035129722,0.038823415
8,2016-04-05 6:42,5,ISMM-2 SNIPER applist.asp WEB_APP_VULNERABILITY,41,e48,1,0.024390244,25,25,0,1,0,#NUM!,#NUM!,0
8,2016-04-05 6:42,5,ISMM-2 SNIPER applist.asp WEB_APP_VULNERABILITY,41,e55,5,0.12195122,25,23,0.086956522,1.086956522,0.036212173,-1.06069784,-0.129353395,0.004416119
8,2016-04-05 6:42,5,ISMM-2 SNIPER applist.asp WEB_APP_VULNERABILITY,41,e58,1,0.024390244,25,10,1.5,2.5,0.397940009,0.176091259,0.004294909,0.009705854
8,2016-04-05 6:42,5,ISMM-2 SNIPER applist.asp WEB_APP_VULNERABILITY,41,e59,4,0.097560976,25,5,4,5,0.698970004,0.602059991,0.05873756,0.068192196
8,2016-04-05 6:42,5,ISMM-2 SNIPER applist.asp WEB_APP_VULNERABILITY,41,e64,11,0.268292683,25,18,0.388888889,1.388888889,0.142667504,-0.410174465,-0.110046808,0.038276647
8,2016-04-05 6:42,5,ISMM-2 SNIPER applist.asp WEB_APP_VULNERABILITY,41,e69,1,0.024390244,25,18,0.388888889,1.388888889,0.142667504,-0.410174465,-0.010004255,0.003479695
8,2016-04-05 6:42,5,ISMM-2 SNIPER applist.asp WEB_APP_VULNERABILITY,41,e76,1,0.024390244,25,17,0.470588235,1.470588235,0.167491087,-0.327358934,-0.007984364,0.004085148
8,2016-04-05 6:42,5,ISMM-2 SNIPER applist.asp WEB_APP_VULNERABILITY,41,e94,12,0.292682927,25,23,0.086956522,1.086956522,0.036212173,-1.06069784,-0.310448148,0.010598685
9,2016-04-05 11:50,5,ISMM-2 SNIPER applist.asp WEB_APP_VULNERABILITY,79,e13,6,0.075949367,25,19,0.315789474,1.315789474,0.119186408,-0.500602351,-0.038020432,0.009052132
9,2016-04-05 11:50,5,ISMM-2 SNIPER applist.asp WEB_APP_VULNERABILITY,79,e22,5,0.063291139,25,2,11.5,12.5,1.096910013,1.06069784,0.067132775,0.069424684
9,2016-04-05 11:50,5,ISMM-2 SNIPER applist.asp WEB_APP_VULNERABILITY,79,e25,1,0.012658228,25,20,0.25,1.25,0.096910013,-0.602059991,-0.007621013,0.001226709
9,2016-04-05 11:50,5,ISMM-2 SNIPER applist.asp WEB_APP_VULNERABILITY,79,e41,3,0.037974684,25,21,0.19047619,1.19047619,0.075720714,-0.720159303,-0.027347822,0.00287547
9,2016-04-05 11:50,5,ISMM-2 SNIPER applist.asp WEB_APP_VULNERABILITY,79,e42,1,0.012658228,25,4,5.25,6.25,0.795880017,0.720159303,0.009115941,0.010074431
9,2016-04-05 11:50,5,ISMM-2 SNIPER applist.asp WEB_APP_VULNERABILITY,79,e46,1,0.012658228,25,7,2.571428571,3.571428571,0.552841969,0.410174465,0.005192082,0.006998
9,2016-04-05 11:50,5,ISMM-2 SNIPER applist.asp WEB_APP_VULNERABILITY,79,e48,2,0.025316456,25,25,0,1,0,#NUM!,#NUM!,0
9,2016-04-05 11:50,5,ISMM-2 SNIPER applist.asp WEB_APP_VULNERABILITY,79,e55,1,0.012658228,25,23,0.086956522,1.086956522,0.036212173,-1.06069784,-0.013426555,0.000458382
9,2016-04-05 11:50,5,ISMM-2 SNIPER applist.asp WEB_APP_VULNERABILITY,79,e58,3,0.037974684,25,10,1.5,2.5,0.397940009,0.176091259,0.00668701,0.015111646
9,2016-04-05 11:50,5,ISMM-2 SNIPER applist.asp WEB_APP_VULNERABILITY,79,e64,1,0.012658228,25,18,0.388888889,1.388888889,0.142667504,-0.410174465,-0.005192082,0.001805918
9,2016-04-05 11:50,5,ISMM-2 SNIPER applist.asp WEB_APP_VULNERABILITY,79,e69,4,0.050632911,25,18,0.388888889,1.388888889,0.142667504,-0.410174465,-0.020768327,0.007223671
9,2016-04-05 11:50,5,ISMM-2 SNIPER applist.asp WEB_APP_VULNERABILITY,79,e76,2,0.025316456,25,17,0.470588235,1.470588235,0.167491087,-0.327358934,-0.008287568,0.004240281
9,2016-04-05 11:50,5,ISMM-2 SNIPER applist.asp WEB_APP_VULNERABILITY,79,e94,49,0.620253165,25,23,0.086956522,1.086956522,0.036212173,-1.06069784,-0.657901192,0.022460715
10,2016-04-05 12:04,5,ISMM-2 SNIPER applist.asp WEB_APP_VULNERABILITY,82,e13,11,0.134146341,25,19,0.315789474,1.315789474,0.119186408,-0.500602351,-0.067153974,0.015988421
10,2016-04-05 12:04,5,ISMM-2 SNIPER applist.asp WEB_APP_VULNERABILITY,82,e22,3,0.036585366,25,2,11.5,12.5,1.096910013,1.06069784,0.038806019,0.040130854
10,2016-04-05 12:04,5,ISMM-2 SNIPER applist.asp WEB_APP_VULNERABILITY,82,e24,4,0.048780488,25,8,2.125,3.125,0.494850022,0.327358934,0.015968729,0.024139025
10,2016-04-05 12:04,5,ISMM-2 SNIPER applist.asp WEB_APP_VULNERABILITY,82,e25,1,0.012195122,25,20,0.25,1.25,0.096910013,-0.602059991,-0.007342195,0.001181829
10,2016-04-05 12:04,5,ISMM-2 SNIPER applist.asp WEB_APP_VULNERABILITY,82,e41,6,0.073170732,25,21,0.19047619,1.19047619,0.075720714,-0.720159303,-0.052694583,0.00554054
10,2016-04-05 12:04,5,ISMM-2 SNIPER applist.asp WEB_APP_VULNERABILITY,82,e42,1,0.012195122,25,4,5.25,6.25,0.795880017,0.720159303,0.008782431,0.009705854
10,2016-04-05 12:04,5,ISMM-2 SNIPER applist.asp WEB_APP_VULNERABILITY,82,e46,4,0.048780488,25,7,2.571428571,3.571428571,0.552841969,0.410174465,0.02000851,0.026967901
10,2016-04-05 12:04,5,ISMM-2 SNIPER applist.asp WEB_APP_VULNERABILITY,82,e48,2,0.024390244,25,25,0,1,0,#NUM!,#NUM!,0
10,2016-04-05 12:04,5,ISMM-2 SNIPER applist.asp WEB_APP_VULNERABILITY,82,e55,5,0.06097561,25,23,0.086956522,1.086956522,0.036212173,-1.06069784,-0.064676698,0.002208059
10,2016-04-05 12:04,5,ISMM-2 SNIPER applist.asp WEB_APP_VULNERABILITY,82,e69,5,0.06097561,25,18,0.388888889,1.388888889,0.142667504,-0.410174465,-0.025010638,0.008699238
10,2016-04-05 12:04,5,ISMM-2 SNIPER applist.asp WEB_APP_VULNERABILITY,82,e76,1,0.012195122,25,17,0.470588235,1.470588235,0.167491087,-0.327358934,-0.003992182,0.002042574
10,2016-04-05 12:04,5,ISMM-2 SNIPER applist.asp WEB_APP_VULNERABILITY,82,e82,1,0.012195122,25,2,11.5,12.5,1.096910013,1.06069784,0.01293534,0.013376951
10,2016-04-05 12:04,5,ISMM-2 SNIPER applist.asp WEB_APP_VULNERABILITY,82,e94,38,0.463414634,25,23,0.086956522,1.086956522,0.036212173,-1.06069784,-0.491542902,0.016781251
11,2016-04-05 19:21,5,ISMM-1 SNIPER OpenSSL TLS Heartbeat Extension Memory Disclosure.B,57,e13,4,0.070175439,25,19,0.315789474,1.315789474,0.119186408,-0.500602351,-0.03512999,0.008363958
11,2016-04-05 19:21,5,ISMM-1 SNIPER OpenSSL TLS Heartbeat Extension Memory Disclosure.B,57,e24,3,0.052631579,25,8,2.125,3.125,0.494850022,0.327358934,0.017229418,0.026044738
11,2016-04-05 19:21,5,ISMM-1 SNIPER OpenSSL TLS Heartbeat Extension Memory Disclosure.B,57,e25,1,0.01754386,25,20,0.25,1.25,0.096910013,-0.602059991,-0.010562456,0.001700176
11,2016-04-05 19:21,5,ISMM-1 SNIPER OpenSSL TLS Heartbeat Extension Memory Disclosure.B,57,e41,6,0.105263158,25,21,0.19047619,1.19047619,0.075720714,-0.720159303,-0.075806242,0.007970601
11,2016-04-05 19:21,5,ISMM-1 SNIPER OpenSSL TLS Heartbeat Extension Memory Disclosure.B,57,e46,2,0.035087719,25,7,2.571428571,3.571428571,0.552841969,0.410174465,0.014392086,0.019397964
11,2016-04-05 19:21,5,ISMM-1 SNIPER OpenSSL TLS Heartbeat Extension Memory Disclosure.B,57,e48,1,0.01754386,25,25,0,1,0,#NUM!,#NUM!,0
11,2016-04-05 19:21,5,ISMM-1 SNIPER OpenSSL TLS Heartbeat Extension Memory Disclosure.B,57,e55,2,0.035087719,25,23,0.086956522,1.086956522,0.036212173,-1.06069784,-0.037217468,0.001270603
11,2016-04-05 19:21,5,ISMM-1 SNIPER OpenSSL TLS Heartbeat Extension Memory Disclosure.B,57,e64,9,0.157894737,25,18,0.388888889,1.388888889,0.142667504,-0.410174465,-0.064764389,0.022526448
11,2016-04-05 19:21,5,ISMM-1 SNIPER OpenSSL TLS Heartbeat Extension Memory Disclosure.B,57,e65,2,0.035087719,25,2,11.5,12.5,1.096910013,1.06069784,0.037217468,0.038488071
11,2016-04-05 19:21,5,ISMM-1 SNIPER OpenSSL TLS Heartbeat Extension Memory Disclosure.B,57,e69,7,0.122807018,25,18,0.388888889,1.388888889,0.142667504,-0.410174465,-0.050372303,0.017520571
11,2016-04-05 19:21,5,ISMM-1 SNIPER OpenSSL TLS Heartbeat Extension Memory Disclosure.B,57,e94,20,0.350877193,25,23,0.086956522,1.086956522,0.036212173,-1.06069784,-0.372174681,0.012706025
12,2016-04-05 19:22,5,ISMM-1 OpenSSL TLS Heartbeat Extension Memory Disclosure.B,56,e13,4,0.071428571,25,19,0.315789474,1.315789474,0.119186408,-0.500602351,-0.035757311,0.008513315
12,2016-04-05 19:22,5,ISMM-1 OpenSSL TLS Heartbeat Extension Memory Disclosure.B,56,e24,3,0.053571429,25,8,2.125,3.125,0.494850022,0.327358934,0.017537086,0.026509823
12,2016-04-05 19:22,5,ISMM-1 OpenSSL TLS Heartbeat Extension Memory Disclosure.B,56,e25,1,0.017857143,25,20,0.25,1.25,0.096910013,-0.602059991,-0.010751071,0.001730536
12,2016-04-05 19:22,5,ISMM-1 OpenSSL TLS Heartbeat Extension Memory Disclosure.B,56,e41,7,0.125,25,21,0.19047619,1.19047619,0.075720714,-0.720159303,-0.090019913,0.009465089
12,2016-04-05 19:22,5,ISMM-1 OpenSSL TLS Heartbeat Extension Memory Disclosure.B,56,e48,2,0.035714286,25,25,0,1,0,#NUM!,#NUM!,0
12,2016-04-05 19:22,5,ISMM-1 OpenSSL TLS Heartbeat Extension Memory Disclosure.B,56,e55,2,0.035714286,25,23,0.086956522,1.086956522,0.036212173,-1.06069784,-0.037882066,0.001293292
12,2016-04-05 19:22,5,ISMM-1 OpenSSL TLS Heartbeat Extension Memory Disclosure.B,56,e64,7,0.125,25,18,0.388888889,1.388888889,0.142667504,-0.410174465,-0.051271808,0.017833438
12,2016-04-05 19:22,5,ISMM-1 OpenSSL TLS Heartbeat Extension Memory Disclosure.B,56,e65,2,0.035714286,25,2,11.5,12.5,1.096910013,1.06069784,0.037882066,0.039175358
12,2016-04-05 19:22,5,ISMM-1 OpenSSL TLS Heartbeat Extension Memory Disclosure.B,56,e69,7,0.125,25,18,0.388888889,1.388888889,0.142667504,-0.410174465,-0.051271808,0.017833438
12,2016-04-05 19:22,5,ISMM-1 OpenSSL TLS Heartbeat Extension Memory Disclosure.B,56,e94,21,0.375,25,23,0.086956522,1.086956522,0.036212173,-1.06069784,-0.39776169,0.013579565
13,2016-04-06 14:09,5,ISMM-2 SNIPER applist.asp WEB_APP_VULNERABILITY,109,e2,1,0.009174312,25,3,7.333333333,8.333333333,0.920818754,0.865301426,0.007938545,0.008447878
13,2016-04-06 14:09,5,ISMM-2 SNIPER applist.asp WEB_APP_VULNERABILITY,109,e12,2,0.018348624,25,1,24,25,1.397940009,1.380211242,0.025324977,0.025650275
13,2016-04-06 14:09,5,ISMM-2 SNIPER applist.asp WEB_APP_VULNERABILITY,109,e13,10,0.091743119,25,19,0.315789474,1.315789474,0.119186408,-0.500602351,-0.045926821,0.010934533
13,2016-04-06 14:09,5,ISMM-2 SNIPER applist.asp WEB_APP_VULNERABILITY,109,e20,2,0.018348624,25,3,7.333333333,8.333333333,0.920818754,0.865301426,0.01587709,0.016895757
13,2016-04-06 14:09,5,ISMM-2 SNIPER applist.asp WEB_APP_VULNERABILITY,109,e24,1,0.009174312,25,8,2.125,3.125,0.494850022,0.327358934,0.003003293,0.004539908
13,2016-04-06 14:09,5,ISMM-2 SNIPER applist.asp WEB_APP_VULNERABILITY,109,e41,10,0.091743119,25,21,0.19047619,1.19047619,0.075720714,-0.720159303,-0.066069661,0.006946854
13,2016-04-06 14:09,5,ISMM-2 SNIPER applist.asp WEB_APP_VULNERABILITY,109,e48,2,0.018348624,25,25,0,1,0,#NUM!,#NUM!,0
13,2016-04-06 14:09,5,ISMM-2 SNIPER applist.asp WEB_APP_VULNERABILITY,109,e55,3,0.027522936,25,23,0.086956522,1.086956522,0.036212173,-1.06069784,-0.029193519,0.000996665
13,2016-04-06 14:09,5,ISMM-2 SNIPER applist.asp WEB_APP_VULNERABILITY,109,e59,1,0.009174312,25,5,4,5,0.698970004,0.602059991,0.005523486,0.006412569
13,2016-04-06 14:09,5,ISMM-2 SNIPER applist.asp WEB_APP_VULNERABILITY,109,e69,18,0.165137615,25,18,0.388888889,1.388888889,0.142667504,-0.410174465,-0.067735233,0.023559771
13,2016-04-06 14:09,5,ISMM-2 SNIPER applist.asp WEB_APP_VULNERABILITY,109,e72,4,0.036697248,25,7,2.571428571,3.571428571,0.552841969,0.410174465,0.015052274,0.020287779
13,2016-04-06 14:09,5,ISMM-2 SNIPER applist.asp WEB_APP_VULNERABILITY,109,e73,2,0.018348624,25,3,7.333333333,8.333333333,0.920818754,0.865301426,0.01587709,0.016895757
13,2016-04-06 14:09,5,ISMM-2 SNIPER applist.asp WEB_APP_VULNERABILITY,109,e76,1,0.009174312,25,17,0.470588235,1.470588235,0.167491087,-0.327358934,-0.003003293,0.001536615
13,2016-04-06 14:09,5,ISMM-2 SNIPER applist.asp WEB_APP_VULNERABILITY,109,e94,52,0.47706422,25,23,0.086956522,1.086956522,0.036212173,-1.06069784,-0.506020988,0.017275532
14,2016-04-07 10:58,5,ISMM-2 SNIPER applist.asp WEB_APP_VULNERABILITY,45,e13,5,0.111111111,25,19,0.315789474,1.315789474,0.119186408,-0.500602351,-0.055622483,0.013242934
14,2016-04-07 10:58,5,ISMM-2 SNIPER applist.asp WEB_APP_VULNERABILITY,45,e18,1,0.022222222,25,1,24,25,1.397940009,1.380211242,0.030671361,0.031065334
14,2016-04-07 10:58,5,ISMM-2 SNIPER applist.asp WEB_APP_VULNERABILITY,45,e25,2,0.044444444,25,20,0.25,1.25,0.096910013,-0.602059991,-0.026758222,0.004307112
14,2016-04-07 10:58,5,ISMM-2 SNIPER applist.asp WEB_APP_VULNERABILITY,45,e41,5,0.111111111,25,21,0.19047619,1.19047619,0.075720714,-0.720159303,-0.0800177,0.008413413
14,2016-04-07 10:58,5,ISMM-2 SNIPER applist.asp WEB_APP_VULNERABILITY,45,e48,2,0.044444444,25,25,0,1,0,#NUM!,#NUM!,0
14,2016-04-07 10:58,5,ISMM-2 SNIPER applist.asp WEB_APP_VULNERABILITY,45,e51,2,0.044444444,25,5,4,5,0.698970004,0.602059991,0.026758222,0.031065334
14,2016-04-07 10:58,5,ISMM-2 SNIPER applist.asp WEB_APP_VULNERABILITY,45,e55,6,0.133333333,25,23,0.086956522,1.086956522,0.036212173,-1.06069784,-0.141426379,0.00482829
14,2016-04-07 10:58,5,ISMM-2 SNIPER applist.asp WEB_APP_VULNERABILITY,45,e59,1,0.022222222,25,5,4,5,0.698970004,0.602059991,0.013379111,0.015532667
14,2016-04-07 10:58,5,ISMM-2 SNIPER applist.asp WEB_APP_VULNERABILITY,45,e64,5,0.111111111,25,18,0.388888889,1.388888889,0.142667504,-0.410174465,-0.045574941,0.015851945
14,2016-04-07 10:58,5,ISMM-2 SNIPER applist.asp WEB_APP_VULNERABILITY,45,e76,1,0.022222222,25,17,0.470588235,1.470588235,0.167491087,-0.327358934,-0.007274643,0.003722024
14,2016-04-07 10:58,5,ISMM-2 SNIPER applist.asp WEB_APP_VULNERABILITY,45,e94,15,0.333333333,25,23,0.086956522,1.086956522,0.036212173,-1.06069784,-0.353565947,0.012070724
15,2016-04-07 20:19,5,ISMM-1 SNIPER javascript: Cross_Site_Scripting,31,e25,2,0.064516129,25,20,0.25,1.25,0.096910013,-0.602059991,-0.03884258,0.006252259
15,2016-04-07 20:19,5,ISMM-1 SNIPER javascript: Cross_Site_Scripting,31,e40,1,0.032258065,25,1,24,25,1.397940009,1.380211242,0.044522943,0.045094839
15,2016-04-07 20:19,5,ISMM-1 SNIPER javascript: Cross_Site_Scripting,31,e41,5,0.161290323,25,21,0.19047619,1.19047619,0.075720714,-0.720159303,-0.116154726,0.012213018
15,2016-04-07 20:19,5,ISMM-1 SNIPER javascript: Cross_Site_Scripting,31,e48,2,0.064516129,25,25,0,1,0,#NUM!,#NUM!,0
15,2016-04-07 20:19,5,ISMM-1 SNIPER javascript: Cross_Site_Scripting,31,e55,1,0.032258065,25,23,0.086956522,1.086956522,0.036212173,-1.06069784,-0.034216059,0.001168135
15,2016-04-07 20:19,5,ISMM-1 SNIPER javascript: Cross_Site_Scripting,31,e69,9,0.290322581,25,18,0.388888889,1.388888889,0.142667504,-0.410174465,-0.119082909,0.041419598
15,2016-04-07 20:19,5,ISMM-1 SNIPER javascript: Cross_Site_Scripting,31,e72,1,0.032258065,25,7,2.571428571,3.571428571,0.552841969,0.410174465,0.013231434,0.017833612
15,2016-04-07 20:19,5,ISMM-1 SNIPER javascript: Cross_Site_Scripting,31,e89,1,0.032258065,25,2,11.5,12.5,1.096910013,1.06069784,0.034216059,0.035384194
15,2016-04-07 20:19,5,ISMM-1 SNIPER javascript: Cross_Site_Scripting,31,e94,9,0.290322581,25,23,0.086956522,1.086956522,0.036212173,-1.06069784,-0.307944534,0.010513211
16,2016-04-07 22:21,5,ISMM-2 SNIPER applist.asp WEB_APP_VULNERABILITY,26,e13,1,0.038461538,25,19,0.315789474,1.315789474,0.119186408,-0.500602351,-0.019253937,0.004584093
16,2016-04-07 22:21,5,ISMM-2 SNIPER applist.asp WEB_APP_VULNERABILITY,26,e25,2,0.076923077,25,20,0.25,1.25,0.096910013,-0.602059991,-0.046312307,0.007454616
16,2016-04-07 22:21,5,ISMM-2 SNIPER applist.asp WEB_APP_VULNERABILITY,26,e41,1,0.038461538,25,21,0.19047619,1.19047619,0.075720714,-0.720159303,-0.027698435,0.002912335
16,2016-04-07 22:21,5,ISMM-2 SNIPER applist.asp WEB_APP_VULNERABILITY,26,e48,1,0.038461538,25,25,0,1,0,#NUM!,#NUM!,0
16,2016-04-07 22:21,5,ISMM-2 SNIPER applist.asp WEB_APP_VULNERABILITY,26,e55,6,0.230769231,25,23,0.086956522,1.086956522,0.036212173,-1.06069784,-0.244776425,0.008356655
16,2016-04-07 22:21,5,ISMM-2 SNIPER applist.asp WEB_APP_VULNERABILITY,26,e70,1,0.038461538,25,1,24,25,1.397940009,1.380211242,0.053085048,0.053766923
16,2016-04-07 22:21,5,ISMM-2 SNIPER applist.asp WEB_APP_VULNERABILITY,26,e76,2,0.076923077,25,17,0.470588235,1.470588235,0.167491087,-0.327358934,-0.025181456,0.01288393
16,2016-04-07 22:21,5,ISMM-2 SNIPER applist.asp WEB_APP_VULNERABILITY,26,e94,12,0.461538462,25,23,0.086956522,1.086956522,0.036212173,-1.06069784,-0.489552849,0.01671331
17,2016-04-08 6:48,5,ISMM-2 SNIPER applist.asp WEB_APP_VULNERABILITY,24,e13,4,0.166666667,25,19,0.315789474,1.315789474,0.119186408,-0.500602351,-0.083433725,0.019864401
17,2016-04-08 6:48,5,ISMM-2 SNIPER applist.asp WEB_APP_VULNERABILITY,24,e24,2,0.083333333,25,8,2.125,3.125,0.494850022,0.327358934,0.027279911,0.041237502
17,2016-04-08 6:48,5,ISMM-2 SNIPER applist.asp WEB_APP_VULNERABILITY,24,e42,1,0.041666667,25,4,5.25,6.25,0.795880017,0.720159303,0.030006638,0.033161667
17,2016-04-08 6:48,5,ISMM-2 SNIPER applist.asp WEB_APP_VULNERABILITY,24,e48,1,0.041666667,25,25,0,1,0,#NUM!,#NUM!,0
17,2016-04-08 6:48,5,ISMM-2 SNIPER applist.asp WEB_APP_VULNERABILITY,24,e58,2,0.083333333,25,10,1.5,2.5,0.397940009,0.176091259,0.014674272,0.033161667
17,2016-04-08 6:48,5,ISMM-2 SNIPER applist.asp WEB_APP_VULNERABILITY,24,e59,6,0.25,25,5,4,5,0.698970004,0.602059991,0.150514998,0.174742501
17,2016-04-08 6:48,5,ISMM-2 SNIPER applist.asp WEB_APP_VULNERABILITY,24,e64,3,0.125,25,18,0.388888889,1.388888889,0.142667504,-0.410174465,-0.051271808,0.017833438
17,2016-04-08 6:48,5,ISMM-2 SNIPER applist.asp WEB_APP_VULNERABILITY,24,e69,1,0.041666667,25,18,0.388888889,1.388888889,0.142667504,-0.410174465,-0.017090603,0.005944479
17,2016-04-08 6:48,5,ISMM-2 SNIPER applist.asp WEB_APP_VULNERABILITY,24,e76,1,0.041666667,25,17,0.470588235,1.470588235,0.167491087,-0.327358934,-0.013639956,0.006978795
17,2016-04-08 6:48,5,ISMM-2 SNIPER applist.asp WEB_APP_VULNERABILITY,24,e94,3,0.125,25,23,0.086956522,1.086956522,0.036212173,-1.06069784,-0.13258723,0.004526522
18,2016-04-08 14:31,5,ISMM-2 SNIPER applist.asp WEB_APP_VULNERABILITY,132,e2,1,0.007575758,25,3,7.333333333,8.333333333,0.920818754,0.865301426,0.006555314,0.0069759
18,2016-04-08 14:31,5,ISMM-2 SNIPER applist.asp WEB_APP_VULNERABILITY,132,e8,1,0.007575758,25,1,24,25,1.397940009,1.380211242,0.010456146,0.010590455
18,2016-04-08 14:31,5,ISMM-2 SNIPER applist.asp WEB_APP_VULNERABILITY,132,e13,16,0.121212121,25,19,0.315789474,1.315789474,0.119186408,-0.500602351,-0.060679073,0.014446837
18,2016-04-08 14:31,5,ISMM-2 SNIPER applist.asp WEB_APP_VULNERABILITY,132,e20,1,0.007575758,25,3,7.333333333,8.333333333,0.920818754,0.865301426,0.006555314,0.0069759
18,2016-04-08 14:31,5,ISMM-2 SNIPER applist.asp WEB_APP_VULNERABILITY,132,e25,1,0.007575758,25,20,0.25,1.25,0.096910013,-0.602059991,-0.004561061,0.000734167
18,2016-04-08 14:31,5,ISMM-2 SNIPER applist.asp WEB_APP_VULNERABILITY,132,e41,24,0.181818182,25,21,0.19047619,1.19047619,0.075720714,-0.720159303,-0.130938055,0.013767403
18,2016-04-08 14:31,5,ISMM-2 SNIPER applist.asp WEB_APP_VULNERABILITY,132,e48,1,0.007575758,25,25,0,1,0,#NUM!,#NUM!,0
18,2016-04-08 14:31,5,ISMM-2 SNIPER applist.asp WEB_APP_VULNERABILITY,132,e55,6,0.045454545,25,23,0.086956522,1.086956522,0.036212173,-1.06069784,-0.048213538,0.001646008
18,2016-04-08 14:31,5,ISMM-2 SNIPER applist.asp WEB_APP_VULNERABILITY,132,e64,6,0.045454545,25,18,0.388888889,1.388888889,0.142667504,-0.410174465,-0.018644294,0.006484887
18,2016-04-08 14:31,5,ISMM-2 SNIPER applist.asp WEB_APP_VULNERABILITY,132,e69,23,0.174242424,25,18,0.388888889,1.388888889,0.142667504,-0.410174465,-0.071469793,0.024858732
18,2016-04-08 14:31,5,ISMM-2 SNIPER applist.asp WEB_APP_VULNERABILITY,132,e71,2,0.015151515,25,2,11.5,12.5,1.096910013,1.06069784,0.016071179,0.016619849
18,2016-04-08 14:31,5,ISMM-2 SNIPER applist.asp WEB_APP_VULNERABILITY,132,e72,1,0.007575758,25,7,2.571428571,3.571428571,0.552841969,0.410174465,0.003107382,0.004188197
18,2016-04-08 14:31,5,ISMM-2 SNIPER applist.asp WEB_APP_VULNERABILITY,132,e76,1,0.007575758,25,17,0.470588235,1.470588235,0.167491087,-0.327358934,-0.002479992,0.001268872
18,2016-04-08 14:31,5,ISMM-2 SNIPER applist.asp WEB_APP_VULNERABILITY,132,e82,1,0.007575758,25,2,11.5,12.5,1.096910013,1.06069784,0.00803559,0.008309924
18,2016-04-08 14:31,5,ISMM-2 SNIPER applist.asp WEB_APP_VULNERABILITY,132,e88,1,0.007575758,25,3,7.333333333,8.333333333,0.920818754,0.865301426,0.006555314,0.0069759
18,2016-04-08 14:31,5,ISMM-2 SNIPER applist.asp WEB_APP_VULNERABILITY,132,e94,46,0.348484848,25,23,0.086956522,1.086956522,0.036212173,-1.06069784,-0.369637126,0.012619394
19,2016-04-08 19:43,5,ISMM-2 SNIPER applist.asp WEB_APP_VULNERABILITY,54,e13,3,0.055555556,25,19,0.315789474,1.315789474,0.119186408,-0.500602351,-0.027811242,0.006621467
19,2016-04-08 19:43,5,ISMM-2 SNIPER applist.asp WEB_APP_VULNERABILITY,54,e21,1,0.018518519,25,2,11.5,12.5,1.096910013,1.06069784,0.019642553,0.020313148
19,2016-04-08 19:43,5,ISMM-2 SNIPER applist.asp WEB_APP_VULNERABILITY,54,e25,1,0.018518519,25,20,0.25,1.25,0.096910013,-0.602059991,-0.011149259,0.00179463
19,2016-04-08 19:43,5,ISMM-2 SNIPER applist.asp WEB_APP_VULNERABILITY,54,e41,4,0.074074074,25,21,0.19047619,1.19047619,0.075720714,-0.720159303,-0.053345134,0.005608942
19,2016-04-08 19:43,5,ISMM-2 SNIPER applist.asp WEB_APP_VULNERABILITY,54,e48,2,0.037037037,25,25,0,1,0,#NUM!,#NUM!,0
19,2016-04-08 19:43,5,ISMM-2 SNIPER applist.asp WEB_APP_VULNERABILITY,54,e55,5,0.092592593,25,23,0.086956522,1.086956522,0.036212173,-1.06069784,-0.098212763,0.003352979
19,2016-04-08 19:43,5,ISMM-2 SNIPER applist.asp WEB_APP_VULNERABILITY,54,e58,1,0.018518519,25,10,1.5,2.5,0.397940009,0.176091259,0.003260949,0.007369259
19,2016-04-08 19:43,5,ISMM-2 SNIPER applist.asp WEB_APP_VULNERABILITY,54,e64,6,0.111111111,25,18,0.388888889,1.388888889,0.142667504,-0.410174465,-0.045574941,0.015851945
19,2016-04-08 19:43,5,ISMM-2 SNIPER applist.asp WEB_APP_VULNERABILITY,54,e69,5,0.092592593,25,18,0.388888889,1.388888889,0.142667504,-0.410174465,-0.037979117,0.013209954
19,2016-04-08 19:43,5,ISMM-2 SNIPER applist.asp WEB_APP_VULNERABILITY,54,e76,1,0.018518519,25,17,0.470588235,1.470588235,0.167491087,-0.327358934,-0.006062202,0.003101687
19,2016-04-08 19:43,5,ISMM-2 SNIPER applist.asp WEB_APP_VULNERABILITY,54,e94,25,0.462962963,25,23,0.086956522,1.086956522,0.036212173,-1.06069784,-0.491063815,0.016764895
20,2016-04-11 8:03,5,ISMM-2 SNIPER applist.asp WEB_APP_VULNERABILITY,39,e25,2,0.051282051,25,20,0.25,1.25,0.096910013,-0.602059991,-0.030874871,0.004969744
20,2016-04-11 8:03,5,ISMM-2 SNIPER applist.asp WEB_APP_VULNERABILITY,39,e46,3,0.076923077,25,7,2.571428571,3.571428571,0.552841969,0.410174465,0.031551882,0.042526305
20,2016-04-11 8:03,5,ISMM-2 SNIPER applist.asp WEB_APP_VULNERABILITY,39,e48,2,0.051282051,25,25,0,1,0,#NUM!,#NUM!,0
20,2016-04-11 8:03,5,ISMM-2 SNIPER applist.asp WEB_APP_VULNERABILITY,39,e55,5,0.128205128,25,23,0.086956522,1.086956522,0.036212173,-1.06069784,-0.135986903,0.004642586
20,2016-04-11 8:03,5,ISMM-2 SNIPER applist.asp WEB_APP_VULNERABILITY,39,e64,4,0.102564103,25,18,0.388888889,1.388888889,0.142667504,-0.410174465,-0.042069176,0.014632564
20,2016-04-11 8:03,5,ISMM-2 SNIPER applist.asp WEB_APP_VULNERABILITY,39,e72,1,0.025641026,25,7,2.571428571,3.571428571,0.552841969,0.410174465,0.010517294,0.014175435
20,2016-04-11 8:03,5,ISMM-2 SNIPER applist.asp WEB_APP_VULNERABILITY,39,e76,3,0.076923077,25,17,0.470588235,1.470588235,0.167491087,-0.327358934,-0.025181456,0.01288393
20,2016-04-11 8:03,5,ISMM-2 SNIPER applist.asp WEB_APP_VULNERABILITY,39,e86,9,0.230769231,25,3,7.333333333,8.333333333,0.920818754,0.865301426,0.199684944,0.212496636
20,2016-04-11 8:03,5,ISMM-2 SNIPER applist.asp WEB_APP_VULNERABILITY,39,e94,10,0.256410256,25,23,0.086956522,1.086956522,0.036212173,-1.06069784,-0.271973805,0.009285172
21,2016-04-11 8:26,5,ISMM-2 SNIPER applist.asp WEB_APP_VULNERABILITY,39,e5,1,0.025641026,25,1,24,25,1.397940009,1.380211242,0.035390032,0.035844616
21,2016-04-11 8:26,5,ISMM-2 SNIPER applist.asp WEB_APP_VULNERABILITY,39,e13,2,0.051282051,25,19,0.315789474,1.315789474,0.119186408,-0.500602351,-0.025671915,0.006112123
21,2016-04-11 8:26,5,ISMM-2 SNIPER applist.asp WEB_APP_VULNERABILITY,39,e25,2,0.051282051,25,20,0.25,1.25,0.096910013,-0.602059991,-0.030874871,0.004969744
21,2016-04-11 8:26,5,ISMM-2 SNIPER applist.asp WEB_APP_VULNERABILITY,39,e41,1,0.025641026,25,21,0.19047619,1.19047619,0.075720714,-0.720159303,-0.018465623,0.001941557
21,2016-04-11 8:26,5,ISMM-2 SNIPER applist.asp WEB_APP_VULNERABILITY,39,e46,1,0.025641026,25,7,2.571428571,3.571428571,0.552841969,0.410174465,0.010517294,0.014175435
21,2016-04-11 8:26,5,ISMM-2 SNIPER applist.asp WEB_APP_VULNERABILITY,39,e48,1,0.025641026,25,25,0,1,0,#NUM!,#NUM!,0
21,2016-04-11 8:26,5,ISMM-2 SNIPER applist.asp WEB_APP_VULNERABILITY,39,e55,2,0.051282051,25,23,0.086956522,1.086956522,0.036212173,-1.06069784,-0.054394761,0.001857034
21,2016-04-11 8:26,5,ISMM-2 SNIPER applist.asp WEB_APP_VULNERABILITY,39,e58,4,0.102564103,25,10,1.5,2.5,0.397940009,0.176091259,0.018060642,0.04081436
21,2016-04-11 8:26,5,ISMM-2 SNIPER applist.asp WEB_APP_VULNERABILITY,39,e64,3,0.076923077,25,18,0.388888889,1.388888889,0.142667504,-0.410174465,-0.031551882,0.010974423
21,2016-04-11 8:26,5,ISMM-2 SNIPER applist.asp WEB_APP_VULNERABILITY,39,e69,2,0.051282051,25,18,0.388888889,1.388888889,0.142667504,-0.410174465,-0.021034588,0.007316282
21,2016-04-11 8:26,5,ISMM-2 SNIPER applist.asp WEB_APP_VULNERABILITY,39,e76,1,0.025641026,25,17,0.470588235,1.470588235,0.167491087,-0.327358934,-0.008393819,0.004294643
21,2016-04-11 8:26,5,ISMM-2 SNIPER applist.asp WEB_APP_VULNERABILITY,39,e86,2,0.051282051,25,3,7.333333333,8.333333333,0.920818754,0.865301426,0.044374432,0.047221475
21,2016-04-11 8:26,5,ISMM-2 SNIPER applist.asp WEB_APP_VULNERABILITY,39,e94,17,0.435897436,25,23,0.086956522,1.086956522,0.036212173,-1.06069784,-0.462355469,0.015784793
22,2016-04-11 9:37,5,ISMM-2 SNIPER applist.asp WEB_APP_VULNERABILITY,45,e25,2,0.044444444,25,20,0.25,1.25,0.096910013,-0.602059991,-0.026758222,0.004307112
22,2016-04-11 9:37,5,ISMM-2 SNIPER applist.asp WEB_APP_VULNERABILITY,45,e41,4,0.088888889,25,21,0.19047619,1.19047619,0.075720714,-0.720159303,-0.06401416,0.00673073
22,2016-04-11 9:37,5,ISMM-2 SNIPER applist.asp WEB_APP_VULNERABILITY,45,e46,3,0.066666667,25,7,2.571428571,3.571428571,0.552841969,0.410174465,0.027344964,0.036856131
22,2016-04-11 9:37,5,ISMM-2 SNIPER applist.asp WEB_APP_VULNERABILITY,45,e48,2,0.044444444,25,25,0,1,0,#NUM!,#NUM!,0
22,2016-04-11 9:37,5,ISMM-2 SNIPER applist.asp WEB_APP_VULNERABILITY,45,e51,3,0.066666667,25,5,4,5,0.698970004,0.602059991,0.040137333,0.046598
22,2016-04-11 9:37,5,ISMM-2 SNIPER applist.asp WEB_APP_VULNERABILITY,45,e55,3,0.066666667,25,23,0.086956522,1.086956522,0.036212173,-1.06069784,-0.070713189,0.002414145
22,2016-04-11 9:37,5,ISMM-2 SNIPER applist.asp WEB_APP_VULNERABILITY,45,e58,2,0.044444444,25,10,1.5,2.5,0.397940009,0.176091259,0.007826278,0.017686223
22,2016-04-11 9:37,5,ISMM-2 SNIPER applist.asp WEB_APP_VULNERABILITY,45,e64,6,0.133333333,25,18,0.388888889,1.388888889,0.142667504,-0.410174465,-0.054689929,0.019022334
22,2016-04-11 9:37,5,ISMM-2 SNIPER applist.asp WEB_APP_VULNERABILITY,45,e69,1,0.022222222,25,18,0.388888889,1.388888889,0.142667504,-0.410174465,-0.009114988,0.003170389
22,2016-04-11 9:37,5,ISMM-2 SNIPER applist.asp WEB_APP_VULNERABILITY,45,e76,1,0.022222222,25,17,0.470588235,1.470588235,0.167491087,-0.327358934,-0.007274643,0.003722024
22,2016-04-11 9:37,5,ISMM-2 SNIPER applist.asp WEB_APP_VULNERABILITY,45,e94,18,0.4,25,23,0.086956522,1.086956522,0.036212173,-1.06069784,-0.424279136,0.014484869
23,2016-04-11 14:45,5,ISMM-2 SNIPER applist.asp WEB_APP_VULNERABILITY,125,e13,20,0.16,25,19,0.315789474,1.315789474,0.119186408,-0.500602351,-0.080096376,0.019069825
23,2016-04-11 14:45,5,ISMM-2 SNIPER applist.asp WEB_APP_VULNERABILITY,125,e24,1,0.008,25,8,2.125,3.125,0.494850022,0.327358934,0.002618871,0.0039588
23,2016-04-11 14:45,5,ISMM-2 SNIPER applist.asp WEB_APP_VULNERABILITY,125,e25,1,0.008,25,20,0.25,1.25,0.096910013,-0.602059991,-0.00481648,0.00077528
23,2016-04-11 14:45,5,ISMM-2 SNIPER applist.asp WEB_APP_VULNERABILITY,125,e41,15,0.12,25,21,0.19047619,1.19047619,0.075720714,-0.720159303,-0.086419116,0.009086486
23,2016-04-11 14:45,5,ISMM-2 SNIPER applist.asp WEB_APP_VULNERABILITY,125,e48,1,0.008,25,25,0,1,0,#NUM!,#NUM!,0
23,2016-04-11 14:45,5,ISMM-2 SNIPER applist.asp WEB_APP_VULNERABILITY,125,e52,3,0.024,25,1,24,25,1.397940009,1.380211242,0.03312507,0.03355056
23,2016-04-11 14:45,5,ISMM-2 SNIPER applist.asp WEB_APP_VULNERABILITY,125,e55,7,0.056,25,23,0.086956522,1.086956522,0.036212173,-1.06069784,-0.059399079,0.002027882
23,2016-04-11 14:45,5,ISMM-2 SNIPER applist.asp WEB_APP_VULNERABILITY,125,e64,4,0.032,25,18,0.388888889,1.388888889,0.142667504,-0.410174465,-0.013125583,0.00456536
23,2016-04-11 14:45,5,ISMM-2 SNIPER applist.asp WEB_APP_VULNERABILITY,125,e69,23,0.184,25,18,0.388888889,1.388888889,0.142667504,-0.410174465,-0.075472102,0.026250821
23,2016-04-11 14:45,5,ISMM-2 SNIPER applist.asp WEB_APP_VULNERABILITY,125,e72,2,0.016,25,7,2.571428571,3.571428571,0.552841969,0.410174465,0.006562791,0.008845471
23,2016-04-11 14:45,5,ISMM-2 SNIPER applist.asp WEB_APP_VULNERABILITY,125,e76,1,0.008,25,17,0.470588235,1.470588235,0.167491087,-0.327358934,-0.002618871,0.001339929
23,2016-04-11 14:45,5,ISMM-2 SNIPER applist.asp WEB_APP_VULNERABILITY,125,e88,1,0.008,25,3,7.333333333,8.333333333,0.920818754,0.865301426,0.006922411,0.00736655
23,2016-04-11 14:45,5,ISMM-2 SNIPER applist.asp WEB_APP_VULNERABILITY,125,e94,46,0.368,25,23,0.086956522,1.086956522,0.036212173,-1.06069784,-0.390336805,0.01332608
24,2016-04-12 15:48,5,ISMM-2 SNIPER applist.asp WEB_APP_VULNERABILITY,88,e2,1,0.011363636,25,3,7.333333333,8.333333333,0.920818754,0.865301426,0.009832971,0.010463849
24,2016-04-12 15:48,5,ISMM-2 SNIPER applist.asp WEB_APP_VULNERABILITY,88,e13,3,0.034090909,25,19,0.315789474,1.315789474,0.119186408,-0.500602351,-0.017065989,0.004063173
24,2016-04-12 15:48,5,ISMM-2 SNIPER applist.asp WEB_APP_VULNERABILITY,88,e25,1,0.011363636,25,20,0.25,1.25,0.096910013,-0.602059991,-0.006841591,0.00110125
24,2016-04-12 15:48,5,ISMM-2 SNIPER applist.asp WEB_APP_VULNERABILITY,88,e41,6,0.068181818,25,21,0.19047619,1.19047619,0.075720714,-0.720159303,-0.049101771,0.005162776
24,2016-04-12 15:48,5,ISMM-2 SNIPER applist.asp WEB_APP_VULNERABILITY,88,e48,2,0.022727273,25,25,0,1,0,#NUM!,#NUM!,0
24,2016-04-12 15:48,5,ISMM-2 SNIPER applist.asp WEB_APP_VULNERABILITY,88,e51,1,0.011363636,25,5,4,5,0.698970004,0.602059991,0.006841591,0.007942841
24,2016-04-12 15:48,5,ISMM-2 SNIPER applist.asp WEB_APP_VULNERABILITY,88,e59,6,0.068181818,25,5,4,5,0.698970004,0.602059991,0.041049545,0.047657046
24,2016-04-12 15:48,5,ISMM-2 SNIPER applist.asp WEB_APP_VULNERABILITY,88,e64,6,0.068181818,25,18,0.388888889,1.388888889,0.142667504,-0.410174465,-0.027966441,0.00972733
24,2016-04-12 15:48,5,ISMM-2 SNIPER applist.asp WEB_APP_VULNERABILITY,88,e69,6,0.068181818,25,18,0.388888889,1.388888889,0.142667504,-0.410174465,-0.027966441,0.00972733
24,2016-04-12 15:48,5,ISMM-2 SNIPER applist.asp WEB_APP_VULNERABILITY,88,e71,2,0.022727273,25,2,11.5,12.5,1.096910013,1.06069784,0.024106769,0.024929773
24,2016-04-12 15:48,5,ISMM-2 SNIPER applist.asp WEB_APP_VULNERABILITY,88,e72,5,0.056818182,25,7,2.571428571,3.571428571,0.552841969,0.410174465,0.023305367,0.031411475
24,2016-04-12 15:48,5,ISMM-2 SNIPER applist.asp WEB_APP_VULNERABILITY,88,e73,1,0.011363636,25,3,7.333333333,8.333333333,0.920818754,0.865301426,0.009832971,0.010463849
24,2016-04-12 15:48,5,ISMM-2 SNIPER applist.asp WEB_APP_VULNERABILITY,88,e76,1,0.011363636,25,17,0.470588235,1.470588235,0.167491087,-0.327358934,-0.003719988,0.001903308
24,2016-04-12 15:48,5,ISMM-2 SNIPER applist.asp WEB_APP_VULNERABILITY,88,e94,47,0.534090909,25,23,0.086956522,1.086956522,0.036212173,-1.06069784,-0.566509074,0.019340592
25,2016-04-12 21:01,5,ISMM-1 SNIPER Directory Traversal Attack(/../../../) Directory_Traversal,24,e13,2,0.083333333,25,19,0.315789474,1.315789474,0.119186408,-0.500602351,-0.041716863,0.009932201
25,2016-04-12 21:01,5,ISMM-1 SNIPER Directory Traversal Attack(/../../../) Directory_Traversal,24,e24,1,0.041666667,25,8,2.125,3.125,0.494850022,0.327358934,0.013639956,0.020618751
25,2016-04-12 21:01,5,ISMM-1 SNIPER Directory Traversal Attack(/../../../) Directory_Traversal,24,e25,1,0.041666667,25,20,0.25,1.25,0.096910013,-0.602059991,-0.025085833,0.004037917
25,2016-04-12 21:01,5,ISMM-1 SNIPER Directory Traversal Attack(/../../../) Directory_Traversal,24,e46,3,0.125,25,7,2.571428571,3.571428571,0.552841969,0.410174465,0.051271808,0.069105246
25,2016-04-12 21:01,5,ISMM-1 SNIPER Directory Traversal Attack(/../../../) Directory_Traversal,24,e48,1,0.041666667,25,25,0,1,0,#NUM!,#NUM!,0
25,2016-04-12 21:01,5,ISMM-1 SNIPER Directory Traversal Attack(/../../../) Directory_Traversal,24,e55,3,0.125,25,23,0.086956522,1.086956522,0.036212173,-1.06069784,-0.13258723,0.004526522
25,2016-04-12 21:01,5,ISMM-1 SNIPER Directory Traversal Attack(/../../../) Directory_Traversal,24,e64,4,0.166666667,25,18,0.388888889,1.388888889,0.142667504,-0.410174465,-0.068362411,0.023777917
25,2016-04-12 21:01,5,ISMM-1 SNIPER Directory Traversal Attack(/../../../) Directory_Traversal,24,e69,2,0.083333333,25,18,0.388888889,1.388888889,0.142667504,-0.410174465,-0.034181205,0.011888959
25,2016-04-12 21:01,5,ISMM-1 SNIPER Directory Traversal Attack(/../../../) Directory_Traversal,24,e72,1,0.041666667,25,7,2.571428571,3.571428571,0.552841969,0.410174465,0.017090603,0.023035082
25,2016-04-12 21:01,5,ISMM-1 SNIPER Directory Traversal Attack(/../../../) Directory_Traversal,24,e74,1,0.041666667,25,1,24,25,1.397940009,1.380211242,0.057508802,0.0582475
25,2016-04-12 21:01,5,ISMM-1 SNIPER Directory Traversal Attack(/../../../) Directory_Traversal,24,e94,5,0.208333333,25,23,0.086956522,1.086956522,0.036212173,-1.06069784,-0.220978717,0.007544203
